{"p_malware": 0.998782, "dp": 1900, "da": "239.255.255.250"}
{"p_malware": 0.995207, "dp": 443, "da": "108.61.179.216"}
{"p_malware": 0.998642, "dp": 9001, "da": "5.9.123.81"}
{"p_malware": 0.991859, "dp": 443, "da": "109.238.6.25"}
{"p_malware": 0.998455, "dp": 443, "da": "176.31.159.231"}
{"p_malware": 0.997697, "dp": 9001, "da": "80.219.114.241"}
{"p_malware": 0.990828, "dp": 443, "da": "149.202.12.124"}
{"p_malware": 0.9943, "dp": 443, "da": "23.254.128.38"}
{"p_malware": 0.99501, "dp": 443, "da": "71.47.58.73"}
{"p_malware": 0.996556, "dp": 6025, "da": "62.210.96.14"}
{"p_malware": 0.995609, "dp": 443, "da": "192.99.168.102"}
{"p_malware": 0.990612, "dp": 443, "da": "82.94.251.227"}
{"p_malware": 0.991945, "dp": 443, "da": "81.2.216.207"}
{"p_malware": 0.991485, "dp": 80, "da": "216.146.38.70"}
{"p_malware": 0.991684, "dp": 443, "da": "93.186.200.213"}
{"p_malware": 0.992825, "dp": 9001, "da": "69.164.213.106"}
{"p_malware": 0.990774, "dp": 9001, "da": "192.42.113.102"}
{"p_malware": 0.996458, "dp": 443, "da": "109.69.67.17"}
{"p_malware": 0.993922, "dp": 9001, "da": "212.129.50.246"}
{"p_malware": 0.992234, "dp": 9090, "da": "92.247.51.169"}
{"p_malware": 0.997693, "dp": 9001, "da": "192.150.94.49"}
{"p_malware": 0.994401, "dp": 993, "da": "195.154.117.182"}
{"p_malware": 0.998328, "dp": 443, "da": "62.210.137.230"}
{"p_malware": 0.996153, "dp": 443, "da": "124.6.36.230"}
{"p_malware": 0.995157, "dp": 443, "da": "37.187.216.6"}
{"p_malware": 0.998664, "dp": 443, "da": "46.105.232.179"}
{"p_malware": 0.995337, "dp": 443, "da": "37.59.243.198"}
{"p_malware": 0.994583, "dp": 9001, "da": "195.154.113.79"}
{"p_malware": 0.994392, "dp": 9001, "da": "81.169.138.51"}
{"p_malware": 0.994387, "dp": 9001, "da": "46.183.221.170"}
{"p_malware": 0.997505, "dp": 443, "da": "51.254.102.42"}
{"p_malware": 0.990068, "dp": 9001, "da": "212.51.134.123"}
{"p_malware": 0.99488, "dp": 443, "da": "178.62.199.226"}
{"p_malware": 0.993856, "dp": 1443, "da": "37.187.105.68"}
{"p_malware": 0.997032, "dp": 80, "da": "62.210.222.166"}
{"p_malware": 0.996448, "dp": 443, "da": "88.114.121.67"}
{"p_malware": 0.99439, "dp": 4447, "da": "50.7.210.218"}
